timestamp,model,condition,persona_id,variable,question_short,run,answer,prompt_tokens,completion_tokens,total_tokens,error,raw_response
2026-04-01T20:57:01.386243+00:00,google/gemini-2.5-flash-lite,demo_only,1,GAAIS_5_P,I am impressed by what Artificial Intelligence can...,1,5,126,1,127,,5
2026-04-01T20:57:01.787249+00:00,google/gemini-2.5-flash-lite,demo_only,1,GAAIS_7_P,Artificial Intelligence can have positive impacts ...,1,4,128,1,129,,4
2026-04-01T20:57:02.143081+00:00,google/gemini-2.5-flash-lite,demo_only,1,GAAIS_17_P,Artificial Intelligence is exciting....,1,5,121,1,122,,5
2026-04-01T20:57:02.570744+00:00,google/gemini-2.5-flash-lite,demo_only,1,R_GAAIS_3_N,I find Artificial Intelligence sinister....,1,2,122,1,123,,2
2026-04-01T20:57:04.429692+00:00,google/gemini-2.5-flash-lite,demo_only,1,R_GAAIS_8_N,Artificial Intelligence might take control of peop...,1,3,124,1,125,,3
2026-04-01T20:57:05.235621+00:00,google/gemini-2.5-flash-lite,demo_only,2,GAAIS_5_P,I am impressed by what Artificial Intelligence can...,1,4,126,1,127,,4
2026-04-01T20:57:06.694758+00:00,google/gemini-2.5-flash-lite,demo_only,2,GAAIS_7_P,Artificial Intelligence can have positive impacts ...,1,4,128,1,129,,4
2026-04-01T20:57:07.127141+00:00,google/gemini-2.5-flash-lite,demo_only,2,GAAIS_17_P,Artificial Intelligence is exciting....,1,5,121,1,122,,5
2026-04-01T20:57:07.534925+00:00,google/gemini-2.5-flash-lite,demo_only,2,R_GAAIS_3_N,I find Artificial Intelligence sinister....,1,3,122,1,123,,3
2026-04-01T20:57:07.902484+00:00,google/gemini-2.5-flash-lite,demo_only,2,R_GAAIS_8_N,Artificial Intelligence might take control of peop...,1,4,124,1,125,,4
2026-04-01T20:57:08.252749+00:00,google/gemini-2.5-flash-lite,demo_only,3,GAAIS_5_P,I am impressed by what Artificial Intelligence can...,1,5,126,1,127,,5
2026-04-01T20:57:08.568931+00:00,google/gemini-2.5-flash-lite,demo_only,3,GAAIS_7_P,Artificial Intelligence can have positive impacts ...,1,4,128,1,129,,4
2026-04-01T20:57:08.888037+00:00,google/gemini-2.5-flash-lite,demo_only,3,GAAIS_17_P,Artificial Intelligence is exciting....,1,4,121,1,122,,4
2026-04-01T20:57:09.331267+00:00,google/gemini-2.5-flash-lite,demo_only,3,R_GAAIS_3_N,I find Artificial Intelligence sinister....,1,3,122,1,123,,3
2026-04-01T20:57:09.709778+00:00,google/gemini-2.5-flash-lite,demo_only,3,R_GAAIS_8_N,Artificial Intelligence might take control of peop...,1,3,124,1,125,,3
2026-04-01T20:57:10.092992+00:00,google/gemini-2.5-flash-lite,demo_only,4,GAAIS_5_P,I am impressed by what Artificial Intelligence can...,1,5,127,1,128,,5
2026-04-01T20:57:10.470846+00:00,google/gemini-2.5-flash-lite,demo_only,4,GAAIS_7_P,Artificial Intelligence can have positive impacts ...,1,4,129,1,130,,4
2026-04-01T20:57:10.951796+00:00,google/gemini-2.5-flash-lite,demo_only,4,GAAIS_17_P,Artificial Intelligence is exciting....,1,4,122,1,123,,4
2026-04-01T20:57:11.285656+00:00,google/gemini-2.5-flash-lite,demo_only,4,R_GAAIS_3_N,I find Artificial Intelligence sinister....,1,3,123,1,124,,3
2026-04-01T20:57:11.647828+00:00,google/gemini-2.5-flash-lite,demo_only,4,R_GAAIS_8_N,Artificial Intelligence might take control of peop...,1,4,125,1,126,,4
2026-04-01T20:57:11.970279+00:00,google/gemini-2.5-flash-lite,demo_only,5,GAAIS_5_P,I am impressed by what Artificial Intelligence can...,1,5,127,1,128,,5
2026-04-01T20:57:12.393326+00:00,google/gemini-2.5-flash-lite,demo_only,5,GAAIS_7_P,Artificial Intelligence can have positive impacts ...,1,4,129,1,130,,4
2026-04-01T20:57:12.850111+00:00,google/gemini-2.5-flash-lite,demo_only,5,GAAIS_17_P,Artificial Intelligence is exciting....,1,4,122,1,123,,4
2026-04-01T20:57:13.272537+00:00,google/gemini-2.5-flash-lite,demo_only,5,R_GAAIS_3_N,I find Artificial Intelligence sinister....,1,2,123,1,124,,2
2026-04-01T20:57:13.845636+00:00,google/gemini-2.5-flash-lite,demo_only,5,R_GAAIS_8_N,Artificial Intelligence might take control of peop...,1,3,125,1,126,,3
2026-04-01T20:57:14.254310+00:00,google/gemini-2.5-flash-lite,demo_only,6,GAAIS_5_P,I am impressed by what Artificial Intelligence can...,1,5,127,1,128,,5
2026-04-01T20:57:14.576516+00:00,google/gemini-2.5-flash-lite,demo_only,6,GAAIS_7_P,Artificial Intelligence can have positive impacts ...,1,4,129,1,130,,4
2026-04-01T20:57:14.944692+00:00,google/gemini-2.5-flash-lite,demo_only,6,GAAIS_17_P,Artificial Intelligence is exciting....,1,4,122,1,123,,4
2026-04-01T20:57:15.370003+00:00,google/gemini-2.5-flash-lite,demo_only,6,R_GAAIS_3_N,I find Artificial Intelligence sinister....,1,3,123,1,124,,3
2026-04-01T20:57:15.801467+00:00,google/gemini-2.5-flash-lite,demo_only,6,R_GAAIS_8_N,Artificial Intelligence might take control of peop...,1,3,125,1,126,,3
2026-04-01T20:57:16.234983+00:00,google/gemini-2.5-flash-lite,demo_only,7,GAAIS_5_P,I am impressed by what Artificial Intelligence can...,1,5,126,1,127,,5
2026-04-01T20:57:16.588924+00:00,google/gemini-2.5-flash-lite,demo_only,7,GAAIS_7_P,Artificial Intelligence can have positive impacts ...,1,4,128,1,129,,4
2026-04-01T20:57:16.921434+00:00,google/gemini-2.5-flash-lite,demo_only,7,GAAIS_17_P,Artificial Intelligence is exciting....,1,5,121,1,122,,5
2026-04-01T20:57:17.315812+00:00,google/gemini-2.5-flash-lite,demo_only,7,R_GAAIS_3_N,I find Artificial Intelligence sinister....,1,3,122,1,123,,3
2026-04-01T20:57:18.181612+00:00,google/gemini-2.5-flash-lite,demo_only,7,R_GAAIS_8_N,Artificial Intelligence might take control of peop...,1,3,124,1,125,,3
2026-04-01T20:57:18.561055+00:00,google/gemini-2.5-flash-lite,demo_only,8,GAAIS_5_P,I am impressed by what Artificial Intelligence can...,1,4,127,1,128,,4
2026-04-01T20:57:19.214497+00:00,google/gemini-2.5-flash-lite,demo_only,8,GAAIS_7_P,Artificial Intelligence can have positive impacts ...,1,4,129,1,130,,4
2026-04-01T20:57:20.154037+00:00,google/gemini-2.5-flash-lite,demo_only,8,GAAIS_17_P,Artificial Intelligence is exciting....,1,4,122,1,123,,4
2026-04-01T20:57:20.644353+00:00,google/gemini-2.5-flash-lite,demo_only,8,R_GAAIS_3_N,I find Artificial Intelligence sinister....,1,3,123,1,124,,3
2026-04-01T20:57:21.012407+00:00,google/gemini-2.5-flash-lite,demo_only,8,R_GAAIS_8_N,Artificial Intelligence might take control of peop...,1,3,125,1,126,,3
2026-04-01T20:57:21.935035+00:00,google/gemini-2.5-flash-lite,demo_only,9,GAAIS_5_P,I am impressed by what Artificial Intelligence can...,1,4,127,1,128,,4
2026-04-01T20:57:22.289012+00:00,google/gemini-2.5-flash-lite,demo_only,9,GAAIS_7_P,Artificial Intelligence can have positive impacts ...,1,4,129,1,130,,4
2026-04-01T20:57:22.646365+00:00,google/gemini-2.5-flash-lite,demo_only,9,GAAIS_17_P,Artificial Intelligence is exciting....,1,4,122,1,123,,4
2026-04-01T20:57:23.003073+00:00,google/gemini-2.5-flash-lite,demo_only,9,R_GAAIS_3_N,I find Artificial Intelligence sinister....,1,3,123,1,124,,3
2026-04-01T20:57:23.377662+00:00,google/gemini-2.5-flash-lite,demo_only,9,R_GAAIS_8_N,Artificial Intelligence might take control of peop...,1,3,125,1,126,,3
2026-04-01T20:57:23.699501+00:00,google/gemini-2.5-flash-lite,demo_only,10,GAAIS_5_P,I am impressed by what Artificial Intelligence can...,1,5,127,1,128,,5
2026-04-01T20:57:24.036817+00:00,google/gemini-2.5-flash-lite,demo_only,10,GAAIS_7_P,Artificial Intelligence can have positive impacts ...,1,4,129,1,130,,4
2026-04-01T20:57:24.403122+00:00,google/gemini-2.5-flash-lite,demo_only,10,GAAIS_17_P,Artificial Intelligence is exciting....,1,4,122,1,123,,4
2026-04-01T20:57:24.882107+00:00,google/gemini-2.5-flash-lite,demo_only,10,R_GAAIS_3_N,I find Artificial Intelligence sinister....,1,4,123,1,124,,4
2026-04-01T20:57:25.489276+00:00,google/gemini-2.5-flash-lite,demo_only,10,R_GAAIS_8_N,Artificial Intelligence might take control of peop...,1,3,125,1,126,,3
2026-04-01T20:57:25.880817+00:00,google/gemini-2.5-flash-lite,demo_only,11,GAAIS_5_P,I am impressed by what Artificial Intelligence can...,1,5,128,1,129,,5
2026-04-01T20:57:26.250709+00:00,google/gemini-2.5-flash-lite,demo_only,11,GAAIS_7_P,Artificial Intelligence can have positive impacts ...,1,4,130,1,131,,4
2026-04-01T20:57:26.587663+00:00,google/gemini-2.5-flash-lite,demo_only,11,GAAIS_17_P,Artificial Intelligence is exciting....,1,5,123,1,124,,5
2026-04-01T20:57:26.963626+00:00,google/gemini-2.5-flash-lite,demo_only,11,R_GAAIS_3_N,I find Artificial Intelligence sinister....,1,3,124,1,125,,3
2026-04-01T20:57:27.512992+00:00,google/gemini-2.5-flash-lite,demo_only,11,R_GAAIS_8_N,Artificial Intelligence might take control of peop...,1,3,126,1,127,,3
2026-04-01T20:57:27.987588+00:00,google/gemini-2.5-flash-lite,demo_only,12,GAAIS_5_P,I am impressed by what Artificial Intelligence can...,1,5,127,1,128,,5
2026-04-01T20:57:28.447732+00:00,google/gemini-2.5-flash-lite,demo_only,12,GAAIS_7_P,Artificial Intelligence can have positive impacts ...,1,4,129,1,130,,4
2026-04-01T20:57:28.872847+00:00,google/gemini-2.5-flash-lite,demo_only,12,GAAIS_17_P,Artificial Intelligence is exciting....,1,5,122,1,123,,5
2026-04-01T20:57:29.429152+00:00,google/gemini-2.5-flash-lite,demo_only,12,R_GAAIS_3_N,I find Artificial Intelligence sinister....,1,2,123,1,124,,2
2026-04-01T20:57:30.628307+00:00,google/gemini-2.5-flash-lite,demo_only,12,R_GAAIS_8_N,Artificial Intelligence might take control of peop...,1,3,125,1,126,,3
2026-04-01T20:57:31.072476+00:00,google/gemini-2.5-flash-lite,demo_only,13,GAAIS_5_P,I am impressed by what Artificial Intelligence can...,1,5,128,1,129,,5
2026-04-01T20:57:31.393822+00:00,google/gemini-2.5-flash-lite,demo_only,13,GAAIS_7_P,Artificial Intelligence can have positive impacts ...,1,4,130,1,131,,4
2026-04-01T20:57:31.787522+00:00,google/gemini-2.5-flash-lite,demo_only,13,GAAIS_17_P,Artificial Intelligence is exciting....,1,5,123,1,124,,5
2026-04-01T20:57:32.141740+00:00,google/gemini-2.5-flash-lite,demo_only,13,R_GAAIS_3_N,I find Artificial Intelligence sinister....,1,2,124,1,125,,2
2026-04-01T20:57:32.547144+00:00,google/gemini-2.5-flash-lite,demo_only,13,R_GAAIS_8_N,Artificial Intelligence might take control of peop...,1,2,126,1,127,,2
2026-04-01T20:57:32.922849+00:00,google/gemini-2.5-flash-lite,demo_only,14,GAAIS_5_P,I am impressed by what Artificial Intelligence can...,1,5,127,1,128,,5
2026-04-01T20:57:33.771756+00:00,google/gemini-2.5-flash-lite,demo_only,14,GAAIS_7_P,Artificial Intelligence can have positive impacts ...,1,4,129,1,130,,4
2026-04-01T20:57:34.128668+00:00,google/gemini-2.5-flash-lite,demo_only,14,GAAIS_17_P,Artificial Intelligence is exciting....,1,5,122,1,123,,5
2026-04-01T20:57:34.786534+00:00,google/gemini-2.5-flash-lite,demo_only,14,R_GAAIS_3_N,I find Artificial Intelligence sinister....,1,3,123,1,124,,3
2026-04-01T20:57:35.134567+00:00,google/gemini-2.5-flash-lite,demo_only,14,R_GAAIS_8_N,Artificial Intelligence might take control of peop...,1,3,125,1,126,,3
2026-04-01T20:57:35.944382+00:00,google/gemini-2.5-flash-lite,demo_only,15,GAAIS_5_P,I am impressed by what Artificial Intelligence can...,1,4,127,1,128,,4
2026-04-01T20:57:36.802011+00:00,google/gemini-2.5-flash-lite,demo_only,15,GAAIS_7_P,Artificial Intelligence can have positive impacts ...,1,4,129,1,130,,4
2026-04-01T20:57:37.178875+00:00,google/gemini-2.5-flash-lite,demo_only,15,GAAIS_17_P,Artificial Intelligence is exciting....,1,4,122,1,123,,4
2026-04-01T20:57:38.025296+00:00,google/gemini-2.5-flash-lite,demo_only,15,R_GAAIS_3_N,I find Artificial Intelligence sinister....,1,3,123,1,124,,3
2026-04-01T20:57:38.459802+00:00,google/gemini-2.5-flash-lite,demo_only,15,R_GAAIS_8_N,Artificial Intelligence might take control of peop...,1,4,125,1,126,,4
2026-04-01T20:57:39.661115+00:00,google/gemini-2.5-flash-lite,demo_only,16,GAAIS_5_P,I am impressed by what Artificial Intelligence can...,1,4,128,1,129,,4
2026-04-01T20:57:40.082958+00:00,google/gemini-2.5-flash-lite,demo_only,16,GAAIS_7_P,Artificial Intelligence can have positive impacts ...,1,4,130,1,131,,4
2026-04-01T20:57:40.520334+00:00,google/gemini-2.5-flash-lite,demo_only,16,GAAIS_17_P,Artificial Intelligence is exciting....,1,5,123,1,124,,5
2026-04-01T20:57:40.918274+00:00,google/gemini-2.5-flash-lite,demo_only,16,R_GAAIS_3_N,I find Artificial Intelligence sinister....,1,3,124,1,125,,3
2026-04-01T20:57:41.266775+00:00,google/gemini-2.5-flash-lite,demo_only,16,R_GAAIS_8_N,Artificial Intelligence might take control of peop...,1,3,126,1,127,,3
2026-04-01T20:57:41.612681+00:00,google/gemini-2.5-flash-lite,demo_only,17,GAAIS_5_P,I am impressed by what Artificial Intelligence can...,1,4,127,1,128,,4
2026-04-01T20:57:42.010688+00:00,google/gemini-2.5-flash-lite,demo_only,17,GAAIS_7_P,Artificial Intelligence can have positive impacts ...,1,4,129,1,130,,4
2026-04-01T20:57:42.406799+00:00,google/gemini-2.5-flash-lite,demo_only,17,GAAIS_17_P,Artificial Intelligence is exciting....,1,4,122,1,123,,4
2026-04-01T20:57:42.764041+00:00,google/gemini-2.5-flash-lite,demo_only,17,R_GAAIS_3_N,I find Artificial Intelligence sinister....,1,3,123,1,124,,3
2026-04-01T20:57:43.167786+00:00,google/gemini-2.5-flash-lite,demo_only,17,R_GAAIS_8_N,Artificial Intelligence might take control of peop...,1,3,125,1,126,,3
2026-04-01T20:57:43.449269+00:00,google/gemini-2.5-flash-lite,demo_only,18,GAAIS_5_P,I am impressed by what Artificial Intelligence can...,1,5,127,1,128,,5
2026-04-01T20:57:44.547543+00:00,google/gemini-2.5-flash-lite,demo_only,18,GAAIS_7_P,Artificial Intelligence can have positive impacts ...,1,4,129,1,130,,4
2026-04-01T20:57:44.885665+00:00,google/gemini-2.5-flash-lite,demo_only,18,GAAIS_17_P,Artificial Intelligence is exciting....,1,5,122,1,123,,5
2026-04-01T20:57:45.231483+00:00,google/gemini-2.5-flash-lite,demo_only,18,R_GAAIS_3_N,I find Artificial Intelligence sinister....,1,2,123,1,124,,2
2026-04-01T20:57:45.592327+00:00,google/gemini-2.5-flash-lite,demo_only,18,R_GAAIS_8_N,Artificial Intelligence might take control of peop...,1,3,125,1,126,,3
2026-04-01T20:57:45.961811+00:00,google/gemini-2.5-flash-lite,demo_only,19,GAAIS_5_P,I am impressed by what Artificial Intelligence can...,1,5,127,1,128,,5
2026-04-01T20:58:17.407800+00:00,google/gemini-2.5-flash-lite,demo_only,19,GAAIS_7_P,Artificial Intelligence can have positive impacts ...,1,5,129,1,130,,5
2026-04-01T20:58:17.787018+00:00,google/gemini-2.5-flash-lite,demo_only,19,GAAIS_17_P,Artificial Intelligence is exciting....,1,5,122,1,123,,5
2026-04-01T20:58:18.167779+00:00,google/gemini-2.5-flash-lite,demo_only,19,R_GAAIS_3_N,I find Artificial Intelligence sinister....,1,2,123,1,124,,2
2026-04-01T20:58:18.647869+00:00,google/gemini-2.5-flash-lite,demo_only,19,R_GAAIS_8_N,Artificial Intelligence might take control of peop...,1,3,125,1,126,,3
2026-04-01T20:58:19.007190+00:00,google/gemini-2.5-flash-lite,demo_only,20,GAAIS_5_P,I am impressed by what Artificial Intelligence can...,1,4,127,1,128,,4
2026-04-01T20:58:19.369371+00:00,google/gemini-2.5-flash-lite,demo_only,20,GAAIS_7_P,Artificial Intelligence can have positive impacts ...,1,4,129,1,130,,4
2026-04-01T20:58:19.694593+00:00,google/gemini-2.5-flash-lite,demo_only,20,GAAIS_17_P,Artificial Intelligence is exciting....,1,5,122,1,123,,5
2026-04-01T20:58:20.032498+00:00,google/gemini-2.5-flash-lite,demo_only,20,R_GAAIS_3_N,I find Artificial Intelligence sinister....,1,3,123,1,124,,3
2026-04-01T20:58:20.474991+00:00,google/gemini-2.5-flash-lite,demo_only,20,R_GAAIS_8_N,Artificial Intelligence might take control of peop...,1,3,125,1,126,,3
2026-04-01T20:58:20.831159+00:00,google/gemini-2.5-flash-lite,demo_only,21,GAAIS_5_P,I am impressed by what Artificial Intelligence can...,1,5,128,1,129,,5
2026-04-01T20:58:21.189593+00:00,google/gemini-2.5-flash-lite,demo_only,21,GAAIS_7_P,Artificial Intelligence can have positive impacts ...,1,4,130,1,131,,4
2026-04-01T20:58:21.582354+00:00,google/gemini-2.5-flash-lite,demo_only,21,GAAIS_17_P,Artificial Intelligence is exciting....,1,5,123,1,124,,5
2026-04-01T20:58:21.935713+00:00,google/gemini-2.5-flash-lite,demo_only,21,R_GAAIS_3_N,I find Artificial Intelligence sinister....,1,2,124,1,125,,2
2026-04-01T20:58:22.826738+00:00,google/gemini-2.5-flash-lite,demo_only,21,R_GAAIS_8_N,Artificial Intelligence might take control of peop...,1,4,126,1,127,,4
2026-04-01T20:58:23.161681+00:00,google/gemini-2.5-flash-lite,demo_only,22,GAAIS_5_P,I am impressed by what Artificial Intelligence can...,1,5,128,1,129,,5
2026-04-01T20:58:23.604469+00:00,google/gemini-2.5-flash-lite,demo_only,22,GAAIS_7_P,Artificial Intelligence can have positive impacts ...,1,4,130,1,131,,4
2026-04-01T20:58:24.317234+00:00,google/gemini-2.5-flash-lite,demo_only,22,GAAIS_17_P,Artificial Intelligence is exciting....,1,4,123,1,124,,4
2026-04-01T20:58:24.643037+00:00,google/gemini-2.5-flash-lite,demo_only,22,R_GAAIS_3_N,I find Artificial Intelligence sinister....,1,3,124,1,125,,3
2026-04-01T20:58:25.082659+00:00,google/gemini-2.5-flash-lite,demo_only,22,R_GAAIS_8_N,Artificial Intelligence might take control of peop...,1,3,126,1,127,,3
2026-04-01T20:58:25.399691+00:00,google/gemini-2.5-flash-lite,demo_only,23,GAAIS_5_P,I am impressed by what Artificial Intelligence can...,1,4,127,1,128,,4
2026-04-01T20:58:25.723503+00:00,google/gemini-2.5-flash-lite,demo_only,23,GAAIS_7_P,Artificial Intelligence can have positive impacts ...,1,4,129,1,130,,4
2026-04-01T20:58:26.503517+00:00,google/gemini-2.5-flash-lite,demo_only,23,GAAIS_17_P,Artificial Intelligence is exciting....,1,4,122,1,123,,4
2026-04-01T20:58:26.891410+00:00,google/gemini-2.5-flash-lite,demo_only,23,R_GAAIS_3_N,I find Artificial Intelligence sinister....,1,3,123,1,124,,3
2026-04-01T20:58:27.689660+00:00,google/gemini-2.5-flash-lite,demo_only,23,R_GAAIS_8_N,Artificial Intelligence might take control of peop...,1,3,125,1,126,,3
2026-04-01T20:58:28.075400+00:00,google/gemini-2.5-flash-lite,demo_only,24,GAAIS_5_P,I am impressed by what Artificial Intelligence can...,1,4,126,1,127,,4
2026-04-01T20:58:28.590772+00:00,google/gemini-2.5-flash-lite,demo_only,24,GAAIS_7_P,Artificial Intelligence can have positive impacts ...,1,3,128,1,129,,3
2026-04-01T20:58:28.977843+00:00,google/gemini-2.5-flash-lite,demo_only,24,GAAIS_17_P,Artificial Intelligence is exciting....,1,5,121,1,122,,5
2026-04-01T20:58:29.612516+00:00,google/gemini-2.5-flash-lite,demo_only,24,R_GAAIS_3_N,I find Artificial Intelligence sinister....,1,3,122,1,123,,3
2026-04-01T20:58:29.985948+00:00,google/gemini-2.5-flash-lite,demo_only,24,R_GAAIS_8_N,Artificial Intelligence might take control of peop...,1,3,124,1,125,,3
2026-04-01T20:58:30.370504+00:00,google/gemini-2.5-flash-lite,demo_only,25,GAAIS_5_P,I am impressed by what Artificial Intelligence can...,1,5,127,1,128,,5
2026-04-01T20:58:31.741229+00:00,google/gemini-2.5-flash-lite,demo_only,25,GAAIS_7_P,Artificial Intelligence can have positive impacts ...,1,4,129,1,130,,4
2026-04-01T20:58:32.178160+00:00,google/gemini-2.5-flash-lite,demo_only,25,GAAIS_17_P,Artificial Intelligence is exciting....,1,4,122,1,123,,4
2026-04-01T20:58:32.557520+00:00,google/gemini-2.5-flash-lite,demo_only,25,R_GAAIS_3_N,I find Artificial Intelligence sinister....,1,3,123,1,124,,3
2026-04-01T20:58:33.549513+00:00,google/gemini-2.5-flash-lite,demo_only,25,R_GAAIS_8_N,Artificial Intelligence might take control of peop...,1,3,125,1,126,,3
2026-04-01T20:58:33.945896+00:00,google/gemini-2.5-flash-lite,demo_only,26,GAAIS_5_P,I am impressed by what Artificial Intelligence can...,1,5,128,1,129,,5
2026-04-01T20:58:34.291403+00:00,google/gemini-2.5-flash-lite,demo_only,26,GAAIS_7_P,Artificial Intelligence can have positive impacts ...,1,5,130,1,131,,5
2026-04-01T20:58:34.625363+00:00,google/gemini-2.5-flash-lite,demo_only,26,GAAIS_17_P,Artificial Intelligence is exciting....,1,5,123,1,124,,5
2026-04-01T20:58:35.003510+00:00,google/gemini-2.5-flash-lite,demo_only,26,R_GAAIS_3_N,I find Artificial Intelligence sinister....,1,2,124,1,125,,2
2026-04-01T20:58:35.658700+00:00,google/gemini-2.5-flash-lite,demo_only,26,R_GAAIS_8_N,Artificial Intelligence might take control of peop...,1,3,126,1,127,,3
2026-04-01T20:58:36.047195+00:00,google/gemini-2.5-flash-lite,demo_only,27,GAAIS_5_P,I am impressed by what Artificial Intelligence can...,1,5,128,1,129,,5
2026-04-01T20:58:36.528421+00:00,google/gemini-2.5-flash-lite,demo_only,27,GAAIS_7_P,Artificial Intelligence can have positive impacts ...,1,4,130,1,131,,4
2026-04-01T20:58:36.837238+00:00,google/gemini-2.5-flash-lite,demo_only,27,GAAIS_17_P,Artificial Intelligence is exciting....,1,5,123,1,124,,5
2026-04-01T20:58:37.214048+00:00,google/gemini-2.5-flash-lite,demo_only,27,R_GAAIS_3_N,I find Artificial Intelligence sinister....,1,2,124,1,125,,2
2026-04-01T20:58:37.573222+00:00,google/gemini-2.5-flash-lite,demo_only,27,R_GAAIS_8_N,Artificial Intelligence might take control of peop...,1,3,126,1,127,,3
2026-04-01T20:58:37.989036+00:00,google/gemini-2.5-flash-lite,demo_only,28,GAAIS_5_P,I am impressed by what Artificial Intelligence can...,1,5,127,1,128,,5
2026-04-01T20:58:38.360100+00:00,google/gemini-2.5-flash-lite,demo_only,28,GAAIS_7_P,Artificial Intelligence can have positive impacts ...,1,4,129,1,130,,4
2026-04-01T20:58:38.715823+00:00,google/gemini-2.5-flash-lite,demo_only,28,GAAIS_17_P,Artificial Intelligence is exciting....,1,4,122,1,123,,4
2026-04-01T20:58:39.132445+00:00,google/gemini-2.5-flash-lite,demo_only,28,R_GAAIS_3_N,I find Artificial Intelligence sinister....,1,3,123,1,124,,3
2026-04-01T20:58:39.729489+00:00,google/gemini-2.5-flash-lite,demo_only,28,R_GAAIS_8_N,Artificial Intelligence might take control of peop...,1,4,125,1,126,,4
2026-04-01T20:58:40.072291+00:00,google/gemini-2.5-flash-lite,demo_only,29,GAAIS_5_P,I am impressed by what Artificial Intelligence can...,1,4,127,1,128,,4
2026-04-01T20:58:40.886895+00:00,google/gemini-2.5-flash-lite,demo_only,29,GAAIS_7_P,Artificial Intelligence can have positive impacts ...,1,4,129,1,130,,4
2026-04-01T20:58:41.268387+00:00,google/gemini-2.5-flash-lite,demo_only,29,GAAIS_17_P,Artificial Intelligence is exciting....,1,4,122,1,123,,4
2026-04-01T20:58:41.662258+00:00,google/gemini-2.5-flash-lite,demo_only,29,R_GAAIS_3_N,I find Artificial Intelligence sinister....,1,3,123,1,124,,3
2026-04-01T20:58:42.006654+00:00,google/gemini-2.5-flash-lite,demo_only,29,R_GAAIS_8_N,Artificial Intelligence might take control of peop...,1,3,125,1,126,,3
2026-04-01T20:58:42.587973+00:00,google/gemini-2.5-flash-lite,demo_only,30,GAAIS_5_P,I am impressed by what Artificial Intelligence can...,1,5,127,1,128,,5
2026-04-01T20:58:43.005217+00:00,google/gemini-2.5-flash-lite,demo_only,30,GAAIS_7_P,Artificial Intelligence can have positive impacts ...,1,4,129,1,130,,4
2026-04-01T20:58:43.399574+00:00,google/gemini-2.5-flash-lite,demo_only,30,GAAIS_17_P,Artificial Intelligence is exciting....,1,4,122,1,123,,4
2026-04-01T20:58:43.766680+00:00,google/gemini-2.5-flash-lite,demo_only,30,R_GAAIS_3_N,I find Artificial Intelligence sinister....,1,3,123,1,124,,3
2026-04-01T20:58:44.875655+00:00,google/gemini-2.5-flash-lite,demo_only,30,R_GAAIS_8_N,Artificial Intelligence might take control of peop...,1,3,125,1,126,,3
2026-04-01T20:58:45.192499+00:00,google/gemini-2.5-flash-lite,demo_only,31,GAAIS_5_P,I am impressed by what Artificial Intelligence can...,1,5,128,1,129,,5
2026-04-01T20:58:45.561709+00:00,google/gemini-2.5-flash-lite,demo_only,31,GAAIS_7_P,Artificial Intelligence can have positive impacts ...,1,4,130,1,131,,4
2026-04-01T20:58:45.913559+00:00,google/gemini-2.5-flash-lite,demo_only,31,GAAIS_17_P,Artificial Intelligence is exciting....,1,5,123,1,124,,5
2026-04-01T20:58:46.319202+00:00,google/gemini-2.5-flash-lite,demo_only,31,R_GAAIS_3_N,I find Artificial Intelligence sinister....,1,2,124,1,125,,2
2026-04-01T20:58:46.649315+00:00,google/gemini-2.5-flash-lite,demo_only,31,R_GAAIS_8_N,Artificial Intelligence might take control of peop...,1,4,126,1,127,,4
2026-04-01T20:58:47.009300+00:00,google/gemini-2.5-flash-lite,demo_only,32,GAAIS_5_P,I am impressed by what Artificial Intelligence can...,1,5,127,1,128,,5
2026-04-01T20:59:18.378765+00:00,google/gemini-2.5-flash-lite,demo_only,32,GAAIS_7_P,Artificial Intelligence can have positive impacts ...,1,4,129,1,130,,4
2026-04-01T20:59:18.733800+00:00,google/gemini-2.5-flash-lite,demo_only,32,GAAIS_17_P,Artificial Intelligence is exciting....,1,5,122,1,123,,5
2026-04-01T20:59:19.107141+00:00,google/gemini-2.5-flash-lite,demo_only,32,R_GAAIS_3_N,I find Artificial Intelligence sinister....,1,2,123,1,124,,2
2026-04-01T20:59:19.572341+00:00,google/gemini-2.5-flash-lite,demo_only,32,R_GAAIS_8_N,Artificial Intelligence might take control of peop...,1,3,125,1,126,,3
2026-04-01T20:59:19.925408+00:00,google/gemini-2.5-flash-lite,demo_only,33,GAAIS_5_P,I am impressed by what Artificial Intelligence can...,1,5,128,1,129,,5
2026-04-01T20:59:20.262870+00:00,google/gemini-2.5-flash-lite,demo_only,33,GAAIS_7_P,Artificial Intelligence can have positive impacts ...,1,5,130,1,131,,5
2026-04-01T20:59:20.597081+00:00,google/gemini-2.5-flash-lite,demo_only,33,GAAIS_17_P,Artificial Intelligence is exciting....,1,5,123,1,124,,5
2026-04-01T20:59:20.968811+00:00,google/gemini-2.5-flash-lite,demo_only,33,R_GAAIS_3_N,I find Artificial Intelligence sinister....,1,2,124,1,125,,2
2026-04-01T20:59:21.289649+00:00,google/gemini-2.5-flash-lite,demo_only,33,R_GAAIS_8_N,Artificial Intelligence might take control of peop...,1,4,126,1,127,,4
2026-04-01T20:59:22.138408+00:00,google/gemini-2.5-flash-lite,demo_only,34,GAAIS_5_P,I am impressed by what Artificial Intelligence can...,1,4,127,1,128,,4
2026-04-01T20:59:22.432061+00:00,google/gemini-2.5-flash-lite,demo_only,34,GAAIS_7_P,Artificial Intelligence can have positive impacts ...,1,4,129,1,130,,4
2026-04-01T20:59:23.201444+00:00,google/gemini-2.5-flash-lite,demo_only,34,GAAIS_17_P,Artificial Intelligence is exciting....,1,4,122,1,123,,4
2026-04-01T20:59:23.594699+00:00,google/gemini-2.5-flash-lite,demo_only,34,R_GAAIS_3_N,I find Artificial Intelligence sinister....,1,3,123,1,124,,3
2026-04-01T20:59:24.165269+00:00,google/gemini-2.5-flash-lite,demo_only,34,R_GAAIS_8_N,Artificial Intelligence might take control of peop...,1,3,125,1,126,,3
2026-04-01T20:59:24.628702+00:00,google/gemini-2.5-flash-lite,demo_only,35,GAAIS_5_P,I am impressed by what Artificial Intelligence can...,1,5,127,1,128,,5
2026-04-01T20:59:24.989924+00:00,google/gemini-2.5-flash-lite,demo_only,35,GAAIS_7_P,Artificial Intelligence can have positive impacts ...,1,4,129,1,130,,4
2026-04-01T20:59:25.341190+00:00,google/gemini-2.5-flash-lite,demo_only,35,GAAIS_17_P,Artificial Intelligence is exciting....,1,4,122,1,123,,4
2026-04-01T20:59:25.794017+00:00,google/gemini-2.5-flash-lite,demo_only,35,R_GAAIS_3_N,I find Artificial Intelligence sinister....,1,3,123,1,124,,3
2026-04-01T20:59:26.138312+00:00,google/gemini-2.5-flash-lite,demo_only,35,R_GAAIS_8_N,Artificial Intelligence might take control of peop...,1,3,125,1,126,,3
2026-04-01T20:59:26.983044+00:00,google/gemini-2.5-flash-lite,demo_only,36,GAAIS_5_P,I am impressed by what Artificial Intelligence can...,1,5,126,1,127,,5
2026-04-01T20:59:27.356895+00:00,google/gemini-2.5-flash-lite,demo_only,36,GAAIS_7_P,Artificial Intelligence can have positive impacts ...,1,4,128,1,129,,4
2026-04-01T20:59:27.725665+00:00,google/gemini-2.5-flash-lite,demo_only,36,GAAIS_17_P,Artificial Intelligence is exciting....,1,5,121,1,122,,5
2026-04-01T20:59:28.147641+00:00,google/gemini-2.5-flash-lite,demo_only,36,R_GAAIS_3_N,I find Artificial Intelligence sinister....,1,5,122,1,123,,5
2026-04-01T20:59:29.040486+00:00,google/gemini-2.5-flash-lite,demo_only,36,R_GAAIS_8_N,Artificial Intelligence might take control of peop...,1,3,124,1,125,,3
2026-04-01T20:59:29.360736+00:00,google/gemini-2.5-flash-lite,demo_only,37,GAAIS_5_P,I am impressed by what Artificial Intelligence can...,1,5,127,1,128,,5
2026-04-01T20:59:29.708887+00:00,google/gemini-2.5-flash-lite,demo_only,37,GAAIS_7_P,Artificial Intelligence can have positive impacts ...,1,4,129,1,130,,4
2026-04-01T21:00:01.112858+00:00,google/gemini-2.5-flash-lite,demo_only,37,GAAIS_17_P,Artificial Intelligence is exciting....,1,5,122,1,123,,5
2026-04-01T21:00:01.503569+00:00,google/gemini-2.5-flash-lite,demo_only,37,R_GAAIS_3_N,I find Artificial Intelligence sinister....,1,3,123,1,124,,3
2026-04-01T21:00:01.874353+00:00,google/gemini-2.5-flash-lite,demo_only,37,R_GAAIS_8_N,Artificial Intelligence might take control of peop...,1,3,125,1,126,,3
2026-04-01T21:00:02.498260+00:00,google/gemini-2.5-flash-lite,demo_only,38,GAAIS_5_P,I am impressed by what Artificial Intelligence can...,1,4,126,1,127,,4
2026-04-01T21:00:03.320887+00:00,google/gemini-2.5-flash-lite,demo_only,38,GAAIS_7_P,Artificial Intelligence can have positive impacts ...,1,4,128,1,129,,4
2026-04-01T21:00:03.648223+00:00,google/gemini-2.5-flash-lite,demo_only,38,GAAIS_17_P,Artificial Intelligence is exciting....,1,4,121,1,122,,4
2026-04-01T21:00:03.985434+00:00,google/gemini-2.5-flash-lite,demo_only,38,R_GAAIS_3_N,I find Artificial Intelligence sinister....,1,4,122,1,123,,4
2026-04-01T21:00:04.315702+00:00,google/gemini-2.5-flash-lite,demo_only,38,R_GAAIS_8_N,Artificial Intelligence might take control of peop...,1,3,124,1,125,,3
2026-04-01T21:00:04.684325+00:00,google/gemini-2.5-flash-lite,demo_only,39,GAAIS_5_P,I am impressed by what Artificial Intelligence can...,1,4,127,1,128,,4
2026-04-01T21:00:05.120548+00:00,google/gemini-2.5-flash-lite,demo_only,39,GAAIS_7_P,Artificial Intelligence can have positive impacts ...,1,4,129,1,130,,4
2026-04-01T21:00:05.541881+00:00,google/gemini-2.5-flash-lite,demo_only,39,GAAIS_17_P,Artificial Intelligence is exciting....,1,4,122,1,123,,4
2026-04-01T21:00:06.012443+00:00,google/gemini-2.5-flash-lite,demo_only,39,R_GAAIS_3_N,I find Artificial Intelligence sinister....,1,3,123,1,124,,3
2026-04-01T21:00:06.358351+00:00,google/gemini-2.5-flash-lite,demo_only,39,R_GAAIS_8_N,Artificial Intelligence might take control of peop...,1,3,125,1,126,,3
2026-04-01T21:00:06.747382+00:00,google/gemini-2.5-flash-lite,demo_only,40,GAAIS_5_P,I am impressed by what Artificial Intelligence can...,1,5,126,1,127,,5
2026-04-01T21:00:07.139309+00:00,google/gemini-2.5-flash-lite,demo_only,40,GAAIS_7_P,Artificial Intelligence can have positive impacts ...,1,4,128,1,129,,4
2026-04-01T21:00:07.469126+00:00,google/gemini-2.5-flash-lite,demo_only,40,GAAIS_17_P,Artificial Intelligence is exciting....,1,4,121,1,122,,4
2026-04-01T21:00:07.804784+00:00,google/gemini-2.5-flash-lite,demo_only,40,R_GAAIS_3_N,I find Artificial Intelligence sinister....,1,3,122,1,123,,3
2026-04-01T21:00:08.707092+00:00,google/gemini-2.5-flash-lite,demo_only,40,R_GAAIS_8_N,Artificial Intelligence might take control of peop...,1,3,124,1,125,,3
2026-04-01T21:00:09.363432+00:00,google/gemini-2.5-flash-lite,demo_only,41,GAAIS_5_P,I am impressed by what Artificial Intelligence can...,1,5,128,1,129,,5
2026-04-01T21:00:09.717259+00:00,google/gemini-2.5-flash-lite,demo_only,41,GAAIS_7_P,Artificial Intelligence can have positive impacts ...,1,5,130,1,131,,5
2026-04-01T21:00:10.150644+00:00,google/gemini-2.5-flash-lite,demo_only,41,GAAIS_17_P,Artificial Intelligence is exciting....,1,5,123,1,124,,5
2026-04-01T21:00:10.496369+00:00,google/gemini-2.5-flash-lite,demo_only,41,R_GAAIS_3_N,I find Artificial Intelligence sinister....,1,2,124,1,125,,2
2026-04-01T21:00:11.421815+00:00,google/gemini-2.5-flash-lite,demo_only,41,R_GAAIS_8_N,Artificial Intelligence might take control of peop...,1,3,126,1,127,,3
2026-04-01T21:00:11.817501+00:00,google/gemini-2.5-flash-lite,demo_only,42,GAAIS_5_P,I am impressed by what Artificial Intelligence can...,1,5,127,1,128,,5
2026-04-01T21:00:12.205673+00:00,google/gemini-2.5-flash-lite,demo_only,42,GAAIS_7_P,Artificial Intelligence can have positive impacts ...,1,4,129,1,130,,4
2026-04-01T21:00:12.584469+00:00,google/gemini-2.5-flash-lite,demo_only,42,GAAIS_17_P,Artificial Intelligence is exciting....,1,5,122,1,123,,5
2026-04-01T21:00:13.017610+00:00,google/gemini-2.5-flash-lite,demo_only,42,R_GAAIS_3_N,I find Artificial Intelligence sinister....,1,3,123,1,124,,3
2026-04-01T21:00:16.580979+00:00,google/gemini-2.5-flash-lite,demo_only,42,R_GAAIS_8_N,Artificial Intelligence might take control of peop...,1,2,125,1,126,,2
2026-04-01T21:00:17.427860+00:00,google/gemini-2.5-flash-lite,demo_only,43,GAAIS_5_P,I am impressed by what Artificial Intelligence can...,1,4,126,1,127,,4
2026-04-01T21:00:17.835333+00:00,google/gemini-2.5-flash-lite,demo_only,43,GAAIS_7_P,Artificial Intelligence can have positive impacts ...,1,4,128,1,129,,4
2026-04-01T21:00:18.276401+00:00,google/gemini-2.5-flash-lite,demo_only,43,GAAIS_17_P,Artificial Intelligence is exciting....,1,5,121,1,122,,5
2026-04-01T21:00:19.012131+00:00,google/gemini-2.5-flash-lite,demo_only,43,R_GAAIS_3_N,I find Artificial Intelligence sinister....,1,3,122,1,123,,3
2026-04-01T21:00:19.414208+00:00,google/gemini-2.5-flash-lite,demo_only,43,R_GAAIS_8_N,Artificial Intelligence might take control of peop...,1,3,124,1,125,,3
2026-04-01T21:00:19.849109+00:00,google/gemini-2.5-flash-lite,demo_only,44,GAAIS_5_P,I am impressed by what Artificial Intelligence can...,1,5,127,1,128,,5
2026-04-01T21:00:51.315322+00:00,google/gemini-2.5-flash-lite,demo_only,44,GAAIS_7_P,Artificial Intelligence can have positive impacts ...,1,4,129,1,130,,4
2026-04-01T21:00:51.646144+00:00,google/gemini-2.5-flash-lite,demo_only,44,GAAIS_17_P,Artificial Intelligence is exciting....,1,4,122,1,123,,4
2026-04-01T21:00:52.069299+00:00,google/gemini-2.5-flash-lite,demo_only,44,R_GAAIS_3_N,I find Artificial Intelligence sinister....,1,3,123,1,124,,3
2026-04-01T21:00:52.444410+00:00,google/gemini-2.5-flash-lite,demo_only,44,R_GAAIS_8_N,Artificial Intelligence might take control of peop...,1,3,125,1,126,,3
2026-04-01T21:00:52.813187+00:00,google/gemini-2.5-flash-lite,demo_only,45,GAAIS_5_P,I am impressed by what Artificial Intelligence can...,1,4,127,1,128,,4
2026-04-01T21:00:53.194689+00:00,google/gemini-2.5-flash-lite,demo_only,45,GAAIS_7_P,Artificial Intelligence can have positive impacts ...,1,4,129,1,130,,4
2026-04-01T21:00:53.667264+00:00,google/gemini-2.5-flash-lite,demo_only,45,GAAIS_17_P,Artificial Intelligence is exciting....,1,5,122,1,123,,5
2026-04-01T21:00:54.081421+00:00,google/gemini-2.5-flash-lite,demo_only,45,R_GAAIS_3_N,I find Artificial Intelligence sinister....,1,3,123,1,124,,3
2026-04-01T21:00:54.450342+00:00,google/gemini-2.5-flash-lite,demo_only,45,R_GAAIS_8_N,Artificial Intelligence might take control of peop...,1,3,125,1,126,,3
2026-04-01T21:00:54.892167+00:00,google/gemini-2.5-flash-lite,demo_only,46,GAAIS_5_P,I am impressed by what Artificial Intelligence can...,1,4,127,1,128,,4
2026-04-01T21:00:55.790744+00:00,google/gemini-2.5-flash-lite,demo_only,46,GAAIS_7_P,Artificial Intelligence can have positive impacts ...,1,4,129,1,130,,4
2026-04-01T21:00:56.220867+00:00,google/gemini-2.5-flash-lite,demo_only,46,GAAIS_17_P,Artificial Intelligence is exciting....,1,4,122,1,123,,4
2026-04-01T21:00:56.704083+00:00,google/gemini-2.5-flash-lite,demo_only,46,R_GAAIS_3_N,I find Artificial Intelligence sinister....,1,3,123,1,124,,3
2026-04-01T21:00:57.148607+00:00,google/gemini-2.5-flash-lite,demo_only,46,R_GAAIS_8_N,Artificial Intelligence might take control of peop...,1,3,125,1,126,,3
2026-04-01T21:00:57.491525+00:00,google/gemini-2.5-flash-lite,demo_only,47,GAAIS_5_P,I am impressed by what Artificial Intelligence can...,1,4,127,1,128,,4
2026-04-01T21:00:57.954035+00:00,google/gemini-2.5-flash-lite,demo_only,47,GAAIS_7_P,Artificial Intelligence can have positive impacts ...,1,4,129,1,130,,4
2026-04-01T21:00:58.329598+00:00,google/gemini-2.5-flash-lite,demo_only,47,GAAIS_17_P,Artificial Intelligence is exciting....,1,4,122,1,123,,4
2026-04-01T21:00:58.676312+00:00,google/gemini-2.5-flash-lite,demo_only,47,R_GAAIS_3_N,I find Artificial Intelligence sinister....,1,3,123,1,124,,3
2026-04-01T21:00:59.140073+00:00,google/gemini-2.5-flash-lite,demo_only,47,R_GAAIS_8_N,Artificial Intelligence might take control of peop...,1,3,125,1,126,,3
2026-04-01T21:00:59.504101+00:00,google/gemini-2.5-flash-lite,demo_only,48,GAAIS_5_P,I am impressed by what Artificial Intelligence can...,1,5,128,1,129,,5
2026-04-01T21:00:59.937217+00:00,google/gemini-2.5-flash-lite,demo_only,48,GAAIS_7_P,Artificial Intelligence can have positive impacts ...,1,4,130,1,131,,4
2026-04-01T21:01:00.312588+00:00,google/gemini-2.5-flash-lite,demo_only,48,GAAIS_17_P,Artificial Intelligence is exciting....,1,5,123,1,124,,5
2026-04-01T21:01:00.770250+00:00,google/gemini-2.5-flash-lite,demo_only,48,R_GAAIS_3_N,I find Artificial Intelligence sinister....,1,2,124,1,125,,2
2026-04-01T21:01:01.194883+00:00,google/gemini-2.5-flash-lite,demo_only,48,R_GAAIS_8_N,Artificial Intelligence might take control of peop...,1,3,126,1,127,,3
2026-04-01T21:01:01.676296+00:00,google/gemini-2.5-flash-lite,demo_only,49,GAAIS_5_P,I am impressed by what Artificial Intelligence can...,1,5,127,1,128,,5
2026-04-01T21:01:02.056143+00:00,google/gemini-2.5-flash-lite,demo_only,49,GAAIS_7_P,Artificial Intelligence can have positive impacts ...,1,4,129,1,130,,4
2026-04-01T21:01:02.464449+00:00,google/gemini-2.5-flash-lite,demo_only,49,GAAIS_17_P,Artificial Intelligence is exciting....,1,5,122,1,123,,5
2026-04-01T21:01:02.817081+00:00,google/gemini-2.5-flash-lite,demo_only,49,R_GAAIS_3_N,I find Artificial Intelligence sinister....,1,2,123,1,124,,2
2026-04-01T21:01:03.153526+00:00,google/gemini-2.5-flash-lite,demo_only,49,R_GAAIS_8_N,Artificial Intelligence might take control of peop...,1,3,125,1,126,,3
2026-04-01T21:01:03.669356+00:00,google/gemini-2.5-flash-lite,demo_only,50,GAAIS_5_P,I am impressed by what Artificial Intelligence can...,1,5,127,1,128,,5
2026-04-01T21:01:04.025573+00:00,google/gemini-2.5-flash-lite,demo_only,50,GAAIS_7_P,Artificial Intelligence can have positive impacts ...,1,4,129,1,130,,4
2026-04-01T21:01:04.340231+00:00,google/gemini-2.5-flash-lite,demo_only,50,GAAIS_17_P,Artificial Intelligence is exciting....,1,5,122,1,123,,5
2026-04-01T21:01:04.776329+00:00,google/gemini-2.5-flash-lite,demo_only,50,R_GAAIS_3_N,I find Artificial Intelligence sinister....,1,2,123,1,124,,2
2026-04-01T21:01:05.215063+00:00,google/gemini-2.5-flash-lite,demo_only,50,R_GAAIS_8_N,Artificial Intelligence might take control of peop...,1,3,125,1,126,,3
2026-04-01T21:01:05.651957+00:00,google/gemini-2.5-flash-lite,demo_only,51,GAAIS_5_P,I am impressed by what Artificial Intelligence can...,1,5,126,1,127,,5
2026-04-01T21:01:06.045104+00:00,google/gemini-2.5-flash-lite,demo_only,51,GAAIS_7_P,Artificial Intelligence can have positive impacts ...,1,4,128,1,129,,4
2026-04-01T21:01:06.502676+00:00,google/gemini-2.5-flash-lite,demo_only,51,GAAIS_17_P,Artificial Intelligence is exciting....,1,5,121,1,122,,5
2026-04-01T21:01:06.875874+00:00,google/gemini-2.5-flash-lite,demo_only,51,R_GAAIS_3_N,I find Artificial Intelligence sinister....,1,3,122,1,123,,3
2026-04-01T21:01:07.241716+00:00,google/gemini-2.5-flash-lite,demo_only,51,R_GAAIS_8_N,Artificial Intelligence might take control of peop...,1,3,124,1,125,,3
2026-04-01T21:01:07.671490+00:00,google/gemini-2.5-flash-lite,demo_only,52,GAAIS_5_P,I am impressed by what Artificial Intelligence can...,1,4,127,1,128,,4
2026-04-01T21:01:08.115868+00:00,google/gemini-2.5-flash-lite,demo_only,52,GAAIS_7_P,Artificial Intelligence can have positive impacts ...,1,4,129,1,130,,4
2026-04-01T21:01:08.914241+00:00,google/gemini-2.5-flash-lite,demo_only,52,GAAIS_17_P,Artificial Intelligence is exciting....,1,4,122,1,123,,4
2026-04-01T21:01:09.251322+00:00,google/gemini-2.5-flash-lite,demo_only,52,R_GAAIS_3_N,I find Artificial Intelligence sinister....,1,3,123,1,124,,3
2026-04-01T21:01:09.605035+00:00,google/gemini-2.5-flash-lite,demo_only,52,R_GAAIS_8_N,Artificial Intelligence might take control of peop...,1,3,125,1,126,,3
2026-04-01T21:01:10.461987+00:00,google/gemini-2.5-flash-lite,demo_only,53,GAAIS_5_P,I am impressed by what Artificial Intelligence can...,1,5,127,1,128,,5
2026-04-01T21:01:10.797007+00:00,google/gemini-2.5-flash-lite,demo_only,53,GAAIS_7_P,Artificial Intelligence can have positive impacts ...,1,5,129,1,130,,5
2026-04-01T21:01:11.271752+00:00,google/gemini-2.5-flash-lite,demo_only,53,GAAIS_17_P,Artificial Intelligence is exciting....,1,4,122,1,123,,4
2026-04-01T21:01:12.090086+00:00,google/gemini-2.5-flash-lite,demo_only,53,R_GAAIS_3_N,I find Artificial Intelligence sinister....,1,2,123,1,124,,2
2026-04-01T21:01:12.421128+00:00,google/gemini-2.5-flash-lite,demo_only,53,R_GAAIS_8_N,Artificial Intelligence might take control of peop...,1,3,125,1,126,,3
2026-04-01T21:01:12.793112+00:00,google/gemini-2.5-flash-lite,demo_only,54,GAAIS_5_P,I am impressed by what Artificial Intelligence can...,1,4,127,1,128,,4
2026-04-01T21:01:13.642543+00:00,google/gemini-2.5-flash-lite,demo_only,54,GAAIS_7_P,Artificial Intelligence can have positive impacts ...,1,4,129,1,130,,4
2026-04-01T21:01:13.990878+00:00,google/gemini-2.5-flash-lite,demo_only,54,GAAIS_17_P,Artificial Intelligence is exciting....,1,4,122,1,123,,4
2026-04-01T21:01:14.414537+00:00,google/gemini-2.5-flash-lite,demo_only,54,R_GAAIS_3_N,I find Artificial Intelligence sinister....,1,3,123,1,124,,3
2026-04-01T21:01:17.320814+00:00,google/gemini-2.5-flash-lite,demo_only,54,R_GAAIS_8_N,Artificial Intelligence might take control of peop...,1,3,125,1,126,,3
2026-04-01T21:01:17.798861+00:00,google/gemini-2.5-flash-lite,demo_only,55,GAAIS_5_P,I am impressed by what Artificial Intelligence can...,1,5,129,1,130,,5
2026-04-01T21:01:18.113971+00:00,google/gemini-2.5-flash-lite,demo_only,55,GAAIS_7_P,Artificial Intelligence can have positive impacts ...,1,4,131,1,132,,4
2026-04-01T21:01:18.485132+00:00,google/gemini-2.5-flash-lite,demo_only,55,GAAIS_17_P,Artificial Intelligence is exciting....,1,5,124,1,125,,5
2026-04-01T21:01:18.855199+00:00,google/gemini-2.5-flash-lite,demo_only,55,R_GAAIS_3_N,I find Artificial Intelligence sinister....,1,3,125,1,126,,3
2026-04-01T21:01:19.254282+00:00,google/gemini-2.5-flash-lite,demo_only,55,R_GAAIS_8_N,Artificial Intelligence might take control of peop...,1,3,127,1,128,,3
2026-04-01T21:01:19.599730+00:00,google/gemini-2.5-flash-lite,demo_only,56,GAAIS_5_P,I am impressed by what Artificial Intelligence can...,1,4,127,1,128,,4
2026-04-01T21:01:19.954052+00:00,google/gemini-2.5-flash-lite,demo_only,56,GAAIS_7_P,Artificial Intelligence can have positive impacts ...,1,4,129,1,130,,4
2026-04-01T21:01:20.276638+00:00,google/gemini-2.5-flash-lite,demo_only,56,GAAIS_17_P,Artificial Intelligence is exciting....,1,4,122,1,123,,4
2026-04-01T21:01:21.169587+00:00,google/gemini-2.5-flash-lite,demo_only,56,R_GAAIS_3_N,I find Artificial Intelligence sinister....,1,3,123,1,124,,3
2026-04-01T21:01:21.626644+00:00,google/gemini-2.5-flash-lite,demo_only,56,R_GAAIS_8_N,Artificial Intelligence might take control of peop...,1,4,125,1,126,,4
2026-04-01T21:01:22.029504+00:00,google/gemini-2.5-flash-lite,demo_only,57,GAAIS_5_P,I am impressed by what Artificial Intelligence can...,1,4,127,1,128,,4
2026-04-01T21:01:22.419263+00:00,google/gemini-2.5-flash-lite,demo_only,57,GAAIS_7_P,Artificial Intelligence can have positive impacts ...,1,4,129,1,130,,4
2026-04-01T21:01:23.230288+00:00,google/gemini-2.5-flash-lite,demo_only,57,GAAIS_17_P,Artificial Intelligence is exciting....,1,4,122,1,123,,4
2026-04-01T21:01:23.536132+00:00,google/gemini-2.5-flash-lite,demo_only,57,R_GAAIS_3_N,I find Artificial Intelligence sinister....,1,2,123,1,124,,2
2026-04-01T21:01:24.089370+00:00,google/gemini-2.5-flash-lite,demo_only,57,R_GAAIS_8_N,Artificial Intelligence might take control of peop...,1,3,125,1,126,,3
2026-04-01T21:01:24.504200+00:00,google/gemini-2.5-flash-lite,demo_only,58,GAAIS_5_P,I am impressed by what Artificial Intelligence can...,1,5,127,1,128,,5
2026-04-01T21:01:24.879125+00:00,google/gemini-2.5-flash-lite,demo_only,58,GAAIS_7_P,Artificial Intelligence can have positive impacts ...,1,4,129,1,130,,4
2026-04-01T21:01:25.238961+00:00,google/gemini-2.5-flash-lite,demo_only,58,GAAIS_17_P,Artificial Intelligence is exciting....,1,5,122,1,123,,5
2026-04-01T21:01:25.695120+00:00,google/gemini-2.5-flash-lite,demo_only,58,R_GAAIS_3_N,I find Artificial Intelligence sinister....,1,3,123,1,124,,3
2026-04-01T21:01:26.048432+00:00,google/gemini-2.5-flash-lite,demo_only,58,R_GAAIS_8_N,Artificial Intelligence might take control of peop...,1,2,125,1,126,,2
2026-04-01T21:01:26.410745+00:00,google/gemini-2.5-flash-lite,demo_only,59,GAAIS_5_P,I am impressed by what Artificial Intelligence can...,1,5,127,1,128,,5
2026-04-01T21:01:26.796200+00:00,google/gemini-2.5-flash-lite,demo_only,59,GAAIS_7_P,Artificial Intelligence can have positive impacts ...,1,4,129,1,130,,4
2026-04-01T21:01:27.122687+00:00,google/gemini-2.5-flash-lite,demo_only,59,GAAIS_17_P,Artificial Intelligence is exciting....,1,4,122,1,123,,4
2026-04-01T21:01:27.581564+00:00,google/gemini-2.5-flash-lite,demo_only,59,R_GAAIS_3_N,I find Artificial Intelligence sinister....,1,3,123,1,124,,3
2026-04-01T21:01:28.050597+00:00,google/gemini-2.5-flash-lite,demo_only,59,R_GAAIS_8_N,Artificial Intelligence might take control of peop...,1,3,125,1,126,,3
2026-04-01T21:01:28.426284+00:00,google/gemini-2.5-flash-lite,demo_only,60,GAAIS_5_P,I am impressed by what Artificial Intelligence can...,1,5,128,1,129,,5
2026-04-01T21:01:29.308641+00:00,google/gemini-2.5-flash-lite,demo_only,60,GAAIS_7_P,Artificial Intelligence can have positive impacts ...,1,4,130,1,131,,4
2026-04-01T21:01:29.835107+00:00,google/gemini-2.5-flash-lite,demo_only,60,GAAIS_17_P,Artificial Intelligence is exciting....,1,5,123,1,124,,5
2026-04-01T21:01:30.197045+00:00,google/gemini-2.5-flash-lite,demo_only,60,R_GAAIS_3_N,I find Artificial Intelligence sinister....,1,2,124,1,125,,2
2026-04-01T21:01:31.015296+00:00,google/gemini-2.5-flash-lite,demo_only,60,R_GAAIS_8_N,Artificial Intelligence might take control of peop...,1,3,126,1,127,,3
2026-04-01T21:01:31.383123+00:00,google/gemini-2.5-flash-lite,demo_only,61,GAAIS_5_P,I am impressed by what Artificial Intelligence can...,1,4,126,1,127,,4
2026-04-01T21:01:31.741218+00:00,google/gemini-2.5-flash-lite,demo_only,61,GAAIS_7_P,Artificial Intelligence can have positive impacts ...,1,4,128,1,129,,4
2026-04-01T21:01:32.111836+00:00,google/gemini-2.5-flash-lite,demo_only,61,GAAIS_17_P,Artificial Intelligence is exciting....,1,4,121,1,122,,4
2026-04-01T21:01:32.655287+00:00,google/gemini-2.5-flash-lite,demo_only,61,R_GAAIS_3_N,I find Artificial Intelligence sinister....,1,3,122,1,123,,3
2026-04-01T21:01:33.002288+00:00,google/gemini-2.5-flash-lite,demo_only,61,R_GAAIS_8_N,Artificial Intelligence might take control of peop...,1,4,124,1,125,,4
2026-04-01T21:01:36.470951+00:00,google/gemini-2.5-flash-lite,demo_only,62,GAAIS_5_P,I am impressed by what Artificial Intelligence can...,1,5,129,1,130,,5
2026-04-01T21:01:36.798935+00:00,google/gemini-2.5-flash-lite,demo_only,62,GAAIS_7_P,Artificial Intelligence can have positive impacts ...,1,4,131,1,132,,4
2026-04-01T21:01:37.161181+00:00,google/gemini-2.5-flash-lite,demo_only,62,GAAIS_17_P,Artificial Intelligence is exciting....,1,5,124,1,125,,5
2026-04-01T21:01:37.577583+00:00,google/gemini-2.5-flash-lite,demo_only,62,R_GAAIS_3_N,I find Artificial Intelligence sinister....,1,3,125,1,126,,3
2026-04-01T21:01:37.921599+00:00,google/gemini-2.5-flash-lite,demo_only,62,R_GAAIS_8_N,Artificial Intelligence might take control of peop...,1,3,127,1,128,,3
2026-04-01T21:01:38.772021+00:00,google/gemini-2.5-flash-lite,demo_only,63,GAAIS_5_P,I am impressed by what Artificial Intelligence can...,1,4,127,1,128,,4
2026-04-01T21:01:39.906253+00:00,google/gemini-2.5-flash-lite,demo_only,63,GAAIS_7_P,Artificial Intelligence can have positive impacts ...,1,4,129,1,130,,4
2026-04-01T21:01:40.298485+00:00,google/gemini-2.5-flash-lite,demo_only,63,GAAIS_17_P,Artificial Intelligence is exciting....,1,4,122,1,123,,4
2026-04-01T21:01:40.632561+00:00,google/gemini-2.5-flash-lite,demo_only,63,R_GAAIS_3_N,I find Artificial Intelligence sinister....,1,3,123,1,124,,3
2026-04-01T21:01:41.214704+00:00,google/gemini-2.5-flash-lite,demo_only,63,R_GAAIS_8_N,Artificial Intelligence might take control of peop...,1,3,125,1,126,,3
2026-04-01T21:01:41.603160+00:00,google/gemini-2.5-flash-lite,demo_only,64,GAAIS_5_P,I am impressed by what Artificial Intelligence can...,1,5,127,1,128,,5
2026-04-01T21:01:41.944158+00:00,google/gemini-2.5-flash-lite,demo_only,64,GAAIS_7_P,Artificial Intelligence can have positive impacts ...,1,4,129,1,130,,4
2026-04-01T21:01:42.264048+00:00,google/gemini-2.5-flash-lite,demo_only,64,GAAIS_17_P,Artificial Intelligence is exciting....,1,5,122,1,123,,5
2026-04-01T21:01:42.817944+00:00,google/gemini-2.5-flash-lite,demo_only,64,R_GAAIS_3_N,I find Artificial Intelligence sinister....,1,3,123,1,124,,3
2026-04-01T21:01:43.224910+00:00,google/gemini-2.5-flash-lite,demo_only,64,R_GAAIS_8_N,Artificial Intelligence might take control of peop...,1,3,125,1,126,,3
2026-04-01T21:01:43.587326+00:00,google/gemini-2.5-flash-lite,demo_only,65,GAAIS_5_P,I am impressed by what Artificial Intelligence can...,1,5,126,1,127,,5
2026-04-01T21:01:44.530592+00:00,google/gemini-2.5-flash-lite,demo_only,65,GAAIS_7_P,Artificial Intelligence can have positive impacts ...,1,4,128,1,129,,4
2026-04-01T21:01:44.941487+00:00,google/gemini-2.5-flash-lite,demo_only,65,GAAIS_17_P,Artificial Intelligence is exciting....,1,5,121,1,122,,5
2026-04-01T21:01:45.317988+00:00,google/gemini-2.5-flash-lite,demo_only,65,R_GAAIS_3_N,I find Artificial Intelligence sinister....,1,2,122,1,123,,2
2026-04-01T21:01:45.718009+00:00,google/gemini-2.5-flash-lite,demo_only,65,R_GAAIS_8_N,Artificial Intelligence might take control of peop...,1,3,124,1,125,,3
2026-04-01T21:01:46.066650+00:00,google/gemini-2.5-flash-lite,demo_only,66,GAAIS_5_P,I am impressed by what Artificial Intelligence can...,1,5,126,1,127,,5
2026-04-01T21:01:46.530548+00:00,google/gemini-2.5-flash-lite,demo_only,66,GAAIS_7_P,Artificial Intelligence can have positive impacts ...,1,4,128,1,129,,4
2026-04-01T21:01:46.876561+00:00,google/gemini-2.5-flash-lite,demo_only,66,GAAIS_17_P,Artificial Intelligence is exciting....,1,5,121,1,122,,5
2026-04-01T21:01:47.197709+00:00,google/gemini-2.5-flash-lite,demo_only,66,R_GAAIS_3_N,I find Artificial Intelligence sinister....,1,2,122,1,123,,2
2026-04-01T21:01:47.569955+00:00,google/gemini-2.5-flash-lite,demo_only,66,R_GAAIS_8_N,Artificial Intelligence might take control of peop...,1,3,124,1,125,,3
2026-04-01T21:01:47.914729+00:00,google/gemini-2.5-flash-lite,demo_only,67,GAAIS_5_P,I am impressed by what Artificial Intelligence can...,1,4,127,1,128,,4
2026-04-01T21:01:48.274227+00:00,google/gemini-2.5-flash-lite,demo_only,67,GAAIS_7_P,Artificial Intelligence can have positive impacts ...,1,4,129,1,130,,4
2026-04-01T21:01:48.742866+00:00,google/gemini-2.5-flash-lite,demo_only,67,GAAIS_17_P,Artificial Intelligence is exciting....,1,4,122,1,123,,4
2026-04-01T21:01:49.120891+00:00,google/gemini-2.5-flash-lite,demo_only,67,R_GAAIS_3_N,I find Artificial Intelligence sinister....,1,3,123,1,124,,3
2026-04-01T21:01:49.461936+00:00,google/gemini-2.5-flash-lite,demo_only,67,R_GAAIS_8_N,Artificial Intelligence might take control of peop...,1,3,125,1,126,,3
2026-04-01T21:01:49.819465+00:00,google/gemini-2.5-flash-lite,demo_only,68,GAAIS_5_P,I am impressed by what Artificial Intelligence can...,1,5,126,1,127,,5
2026-04-01T21:01:50.160599+00:00,google/gemini-2.5-flash-lite,demo_only,68,GAAIS_7_P,Artificial Intelligence can have positive impacts ...,1,4,128,1,129,,4
2026-04-01T21:01:50.660314+00:00,google/gemini-2.5-flash-lite,demo_only,68,GAAIS_17_P,Artificial Intelligence is exciting....,1,5,121,1,122,,5
2026-04-01T21:01:51.031069+00:00,google/gemini-2.5-flash-lite,demo_only,68,R_GAAIS_3_N,I find Artificial Intelligence sinister....,1,3,122,1,123,,3
2026-04-01T21:01:51.432151+00:00,google/gemini-2.5-flash-lite,demo_only,68,R_GAAIS_8_N,Artificial Intelligence might take control of peop...,1,3,124,1,125,,3
2026-04-01T21:02:22.901648+00:00,google/gemini-2.5-flash-lite,demo_only,69,GAAIS_5_P,I am impressed by what Artificial Intelligence can...,1,4,127,1,128,,4
2026-04-01T21:02:23.344030+00:00,google/gemini-2.5-flash-lite,demo_only,69,GAAIS_7_P,Artificial Intelligence can have positive impacts ...,1,4,129,1,130,,4
2026-04-01T21:02:23.712613+00:00,google/gemini-2.5-flash-lite,demo_only,69,GAAIS_17_P,Artificial Intelligence is exciting....,1,4,122,1,123,,4
2026-04-01T21:02:24.583973+00:00,google/gemini-2.5-flash-lite,demo_only,69,R_GAAIS_3_N,I find Artificial Intelligence sinister....,1,3,123,1,124,,3
2026-04-01T21:02:24.983008+00:00,google/gemini-2.5-flash-lite,demo_only,69,R_GAAIS_8_N,Artificial Intelligence might take control of peop...,1,3,125,1,126,,3
2026-04-01T21:02:25.373849+00:00,google/gemini-2.5-flash-lite,demo_only,70,GAAIS_5_P,I am impressed by what Artificial Intelligence can...,1,5,129,1,130,,5
2026-04-01T21:02:25.773877+00:00,google/gemini-2.5-flash-lite,demo_only,70,GAAIS_7_P,Artificial Intelligence can have positive impacts ...,1,4,131,1,132,,4
2026-04-01T21:02:26.124784+00:00,google/gemini-2.5-flash-lite,demo_only,70,GAAIS_17_P,Artificial Intelligence is exciting....,1,5,124,1,125,,5
2026-04-01T21:02:26.504726+00:00,google/gemini-2.5-flash-lite,demo_only,70,R_GAAIS_3_N,I find Artificial Intelligence sinister....,1,3,125,1,126,,3
2026-04-01T21:02:27.385210+00:00,google/gemini-2.5-flash-lite,demo_only,70,R_GAAIS_8_N,Artificial Intelligence might take control of peop...,1,3,127,1,128,,3
2026-04-01T21:02:27.840943+00:00,google/gemini-2.5-flash-lite,demo_only,71,GAAIS_5_P,I am impressed by what Artificial Intelligence can...,1,5,126,1,127,,5
2026-04-01T21:02:28.214413+00:00,google/gemini-2.5-flash-lite,demo_only,71,GAAIS_7_P,Artificial Intelligence can have positive impacts ...,1,4,128,1,129,,4
2026-04-01T21:02:28.565943+00:00,google/gemini-2.5-flash-lite,demo_only,71,GAAIS_17_P,Artificial Intelligence is exciting....,1,5,121,1,122,,5
2026-04-01T21:02:29.052616+00:00,google/gemini-2.5-flash-lite,demo_only,71,R_GAAIS_3_N,I find Artificial Intelligence sinister....,1,3,122,1,123,,3
2026-04-01T21:02:29.499316+00:00,google/gemini-2.5-flash-lite,demo_only,71,R_GAAIS_8_N,Artificial Intelligence might take control of peop...,1,3,124,1,125,,3
2026-04-01T21:02:29.948271+00:00,google/gemini-2.5-flash-lite,demo_only,72,GAAIS_5_P,I am impressed by what Artificial Intelligence can...,1,5,128,1,129,,5
2026-04-01T21:02:30.362438+00:00,google/gemini-2.5-flash-lite,demo_only,72,GAAIS_7_P,Artificial Intelligence can have positive impacts ...,1,5,130,1,131,,5
2026-04-01T21:02:30.763797+00:00,google/gemini-2.5-flash-lite,demo_only,72,GAAIS_17_P,Artificial Intelligence is exciting....,1,5,123,1,124,,5
2026-04-01T21:02:31.147163+00:00,google/gemini-2.5-flash-lite,demo_only,72,R_GAAIS_3_N,I find Artificial Intelligence sinister....,1,2,124,1,125,,2
2026-04-01T21:02:31.930073+00:00,google/gemini-2.5-flash-lite,demo_only,72,R_GAAIS_8_N,Artificial Intelligence might take control of peop...,1,4,126,1,127,,4
2026-04-01T21:02:32.757201+00:00,google/gemini-2.5-flash-lite,demo_only,73,GAAIS_5_P,I am impressed by what Artificial Intelligence can...,1,5,127,1,128,,5
2026-04-01T21:02:33.098765+00:00,google/gemini-2.5-flash-lite,demo_only,73,GAAIS_7_P,Artificial Intelligence can have positive impacts ...,1,4,129,1,130,,4
2026-04-01T21:02:33.899950+00:00,google/gemini-2.5-flash-lite,demo_only,73,GAAIS_17_P,Artificial Intelligence is exciting....,1,5,122,1,123,,5
2026-04-01T21:02:34.249331+00:00,google/gemini-2.5-flash-lite,demo_only,73,R_GAAIS_3_N,I find Artificial Intelligence sinister....,1,3,123,1,124,,3
2026-04-01T21:02:35.135656+00:00,google/gemini-2.5-flash-lite,demo_only,73,R_GAAIS_8_N,Artificial Intelligence might take control of peop...,1,3,125,1,126,,3
2026-04-01T21:02:35.896346+00:00,google/gemini-2.5-flash-lite,demo_only,74,GAAIS_5_P,I am impressed by what Artificial Intelligence can...,1,5,127,1,128,,5
2026-04-01T21:02:36.271851+00:00,google/gemini-2.5-flash-lite,demo_only,74,GAAIS_7_P,Artificial Intelligence can have positive impacts ...,1,4,129,1,130,,4
2026-04-01T21:02:36.727745+00:00,google/gemini-2.5-flash-lite,demo_only,74,GAAIS_17_P,Artificial Intelligence is exciting....,1,4,122,1,123,,4
2026-04-01T21:02:37.064363+00:00,google/gemini-2.5-flash-lite,demo_only,74,R_GAAIS_3_N,I find Artificial Intelligence sinister....,1,3,123,1,124,,3
2026-04-01T21:02:37.574258+00:00,google/gemini-2.5-flash-lite,demo_only,74,R_GAAIS_8_N,Artificial Intelligence might take control of peop...,1,3,125,1,126,,3
2026-04-01T21:02:37.955272+00:00,google/gemini-2.5-flash-lite,demo_only,75,GAAIS_5_P,I am impressed by what Artificial Intelligence can...,1,4,126,1,127,,4
2026-04-01T21:02:38.321081+00:00,google/gemini-2.5-flash-lite,demo_only,75,GAAIS_7_P,Artificial Intelligence can have positive impacts ...,1,4,128,1,129,,4
2026-04-01T21:02:38.794257+00:00,google/gemini-2.5-flash-lite,demo_only,75,GAAIS_17_P,Artificial Intelligence is exciting....,1,4,121,1,122,,4
2026-04-01T21:02:39.126340+00:00,google/gemini-2.5-flash-lite,demo_only,75,R_GAAIS_3_N,I find Artificial Intelligence sinister....,1,3,122,1,123,,3
2026-04-01T21:02:39.490637+00:00,google/gemini-2.5-flash-lite,demo_only,75,R_GAAIS_8_N,Artificial Intelligence might take control of peop...,1,3,124,1,125,,3
2026-04-01T21:02:39.818953+00:00,google/gemini-2.5-flash-lite,demo_only,76,GAAIS_5_P,I am impressed by what Artificial Intelligence can...,1,4,127,1,128,,4
2026-04-01T21:02:40.162555+00:00,google/gemini-2.5-flash-lite,demo_only,76,GAAIS_7_P,Artificial Intelligence can have positive impacts ...,1,4,129,1,130,,4
2026-04-01T21:02:40.570748+00:00,google/gemini-2.5-flash-lite,demo_only,76,GAAIS_17_P,Artificial Intelligence is exciting....,1,5,122,1,123,,5
2026-04-01T21:02:40.944761+00:00,google/gemini-2.5-flash-lite,demo_only,76,R_GAAIS_3_N,I find Artificial Intelligence sinister....,1,3,123,1,124,,3
2026-04-01T21:02:41.319226+00:00,google/gemini-2.5-flash-lite,demo_only,76,R_GAAIS_8_N,Artificial Intelligence might take control of peop...,1,3,125,1,126,,3
2026-04-01T21:02:41.630540+00:00,google/gemini-2.5-flash-lite,demo_only,77,GAAIS_5_P,I am impressed by what Artificial Intelligence can...,1,5,126,1,127,,5
2026-04-01T21:02:42.107976+00:00,google/gemini-2.5-flash-lite,demo_only,77,GAAIS_7_P,Artificial Intelligence can have positive impacts ...,1,4,128,1,129,,4
2026-04-01T21:02:42.443777+00:00,google/gemini-2.5-flash-lite,demo_only,77,GAAIS_17_P,Artificial Intelligence is exciting....,1,5,121,1,122,,5
2026-04-01T21:02:42.922444+00:00,google/gemini-2.5-flash-lite,demo_only,77,R_GAAIS_3_N,I find Artificial Intelligence sinister....,1,2,122,1,123,,2
2026-04-01T21:02:43.357354+00:00,google/gemini-2.5-flash-lite,demo_only,77,R_GAAIS_8_N,Artificial Intelligence might take control of peop...,1,3,124,1,125,,3
2026-04-01T21:02:43.707807+00:00,google/gemini-2.5-flash-lite,demo_only,78,GAAIS_5_P,I am impressed by what Artificial Intelligence can...,1,4,127,1,128,,4
2026-04-01T21:02:44.156257+00:00,google/gemini-2.5-flash-lite,demo_only,78,GAAIS_7_P,Artificial Intelligence can have positive impacts ...,1,4,129,1,130,,4
2026-04-01T21:02:44.538952+00:00,google/gemini-2.5-flash-lite,demo_only,78,GAAIS_17_P,Artificial Intelligence is exciting....,1,4,122,1,123,,4
2026-04-01T21:03:15.984655+00:00,google/gemini-2.5-flash-lite,demo_only,78,R_GAAIS_3_N,I find Artificial Intelligence sinister....,1,3,123,1,124,,3
2026-04-01T21:03:16.404002+00:00,google/gemini-2.5-flash-lite,demo_only,78,R_GAAIS_8_N,Artificial Intelligence might take control of peop...,1,4,125,1,126,,4
2026-04-01T21:03:16.909487+00:00,google/gemini-2.5-flash-lite,demo_only,79,GAAIS_5_P,I am impressed by what Artificial Intelligence can...,1,5,126,1,127,,5
2026-04-01T21:03:17.218360+00:00,google/gemini-2.5-flash-lite,demo_only,79,GAAIS_7_P,Artificial Intelligence can have positive impacts ...,1,4,128,1,129,,4
2026-04-01T21:03:17.566667+00:00,google/gemini-2.5-flash-lite,demo_only,79,GAAIS_17_P,Artificial Intelligence is exciting....,1,4,121,1,122,,4
2026-04-01T21:03:17.941039+00:00,google/gemini-2.5-flash-lite,demo_only,79,R_GAAIS_3_N,I find Artificial Intelligence sinister....,1,4,122,1,123,,4
2026-04-01T21:03:18.856860+00:00,google/gemini-2.5-flash-lite,demo_only,79,R_GAAIS_8_N,Artificial Intelligence might take control of peop...,1,3,124,1,125,,3
2026-04-01T21:03:19.204216+00:00,google/gemini-2.5-flash-lite,demo_only,80,GAAIS_5_P,I am impressed by what Artificial Intelligence can...,1,5,127,1,128,,5
2026-04-01T21:03:19.579909+00:00,google/gemini-2.5-flash-lite,demo_only,80,GAAIS_7_P,Artificial Intelligence can have positive impacts ...,1,4,129,1,130,,4
2026-04-01T21:03:19.950114+00:00,google/gemini-2.5-flash-lite,demo_only,80,GAAIS_17_P,Artificial Intelligence is exciting....,1,5,122,1,123,,5
2026-04-01T21:03:20.287925+00:00,google/gemini-2.5-flash-lite,demo_only,80,R_GAAIS_3_N,I find Artificial Intelligence sinister....,1,2,123,1,124,,2
2026-04-01T21:03:20.630555+00:00,google/gemini-2.5-flash-lite,demo_only,80,R_GAAIS_8_N,Artificial Intelligence might take control of peop...,1,3,125,1,126,,3
2026-04-01T21:03:21.008235+00:00,google/gemini-2.5-flash-lite,demo_only,81,GAAIS_5_P,I am impressed by what Artificial Intelligence can...,1,5,127,1,128,,5
2026-04-01T21:03:21.339629+00:00,google/gemini-2.5-flash-lite,demo_only,81,GAAIS_7_P,Artificial Intelligence can have positive impacts ...,1,4,129,1,130,,4
2026-04-01T21:03:21.729660+00:00,google/gemini-2.5-flash-lite,demo_only,81,GAAIS_17_P,Artificial Intelligence is exciting....,1,5,122,1,123,,5
2026-04-01T21:03:53.127320+00:00,google/gemini-2.5-flash-lite,demo_only,81,R_GAAIS_3_N,I find Artificial Intelligence sinister....,1,3,123,1,124,,3
2026-04-01T21:03:53.544472+00:00,google/gemini-2.5-flash-lite,demo_only,81,R_GAAIS_8_N,Artificial Intelligence might take control of peop...,1,3,125,1,126,,3
2026-04-01T21:03:53.855245+00:00,google/gemini-2.5-flash-lite,demo_only,82,GAAIS_5_P,I am impressed by what Artificial Intelligence can...,1,5,126,1,127,,5
2026-04-01T21:03:54.264630+00:00,google/gemini-2.5-flash-lite,demo_only,82,GAAIS_7_P,Artificial Intelligence can have positive impacts ...,1,4,128,1,129,,4
2026-04-01T21:03:54.582700+00:00,google/gemini-2.5-flash-lite,demo_only,82,GAAIS_17_P,Artificial Intelligence is exciting....,1,5,121,1,122,,5
2026-04-01T21:03:54.988290+00:00,google/gemini-2.5-flash-lite,demo_only,82,R_GAAIS_3_N,I find Artificial Intelligence sinister....,1,3,122,1,123,,3
2026-04-01T21:03:55.356365+00:00,google/gemini-2.5-flash-lite,demo_only,82,R_GAAIS_8_N,Artificial Intelligence might take control of peop...,1,3,124,1,125,,3
2026-04-01T21:03:55.744446+00:00,google/gemini-2.5-flash-lite,demo_only,83,GAAIS_5_P,I am impressed by what Artificial Intelligence can...,1,5,126,1,127,,5
2026-04-01T21:03:56.178139+00:00,google/gemini-2.5-flash-lite,demo_only,83,GAAIS_7_P,Artificial Intelligence can have positive impacts ...,1,4,128,1,129,,4
2026-04-01T21:03:56.618471+00:00,google/gemini-2.5-flash-lite,demo_only,83,GAAIS_17_P,Artificial Intelligence is exciting....,1,4,121,1,122,,4
2026-04-01T21:03:57.006814+00:00,google/gemini-2.5-flash-lite,demo_only,83,R_GAAIS_3_N,I find Artificial Intelligence sinister....,1,3,122,1,123,,3
2026-04-01T21:03:57.516282+00:00,google/gemini-2.5-flash-lite,demo_only,83,R_GAAIS_8_N,Artificial Intelligence might take control of peop...,1,3,124,1,125,,3
2026-04-01T21:03:57.936099+00:00,google/gemini-2.5-flash-lite,demo_only,84,GAAIS_5_P,I am impressed by what Artificial Intelligence can...,1,5,126,1,127,,5
2026-04-01T21:03:58.517746+00:00,google/gemini-2.5-flash-lite,demo_only,84,GAAIS_7_P,Artificial Intelligence can have positive impacts ...,1,4,128,1,129,,4
2026-04-01T21:03:58.850715+00:00,google/gemini-2.5-flash-lite,demo_only,84,GAAIS_17_P,Artificial Intelligence is exciting....,1,5,121,1,122,,5
2026-04-01T21:03:59.248053+00:00,google/gemini-2.5-flash-lite,demo_only,84,R_GAAIS_3_N,I find Artificial Intelligence sinister....,1,3,122,1,123,,3
2026-04-01T21:03:59.667329+00:00,google/gemini-2.5-flash-lite,demo_only,84,R_GAAIS_8_N,Artificial Intelligence might take control of peop...,1,3,124,1,125,,3
2026-04-01T21:04:00.007129+00:00,google/gemini-2.5-flash-lite,demo_only,85,GAAIS_5_P,I am impressed by what Artificial Intelligence can...,1,5,128,1,129,,5
2026-04-01T21:04:00.405630+00:00,google/gemini-2.5-flash-lite,demo_only,85,GAAIS_7_P,Artificial Intelligence can have positive impacts ...,1,4,130,1,131,,4
2026-04-01T21:04:00.805609+00:00,google/gemini-2.5-flash-lite,demo_only,85,GAAIS_17_P,Artificial Intelligence is exciting....,1,5,123,1,124,,5
2026-04-01T21:04:01.249216+00:00,google/gemini-2.5-flash-lite,demo_only,85,R_GAAIS_3_N,I find Artificial Intelligence sinister....,1,2,124,1,125,,2
2026-04-01T21:04:01.553605+00:00,google/gemini-2.5-flash-lite,demo_only,85,R_GAAIS_8_N,Artificial Intelligence might take control of peop...,1,2,126,1,127,,2
2026-04-01T21:04:02.010613+00:00,google/gemini-2.5-flash-lite,demo_only,86,GAAIS_5_P,I am impressed by what Artificial Intelligence can...,1,4,127,1,128,,4
2026-04-01T21:04:02.397447+00:00,google/gemini-2.5-flash-lite,demo_only,86,GAAIS_7_P,Artificial Intelligence can have positive impacts ...,1,4,129,1,130,,4
2026-04-01T21:04:02.761838+00:00,google/gemini-2.5-flash-lite,demo_only,86,GAAIS_17_P,Artificial Intelligence is exciting....,1,4,122,1,123,,4
2026-04-01T21:04:03.162835+00:00,google/gemini-2.5-flash-lite,demo_only,86,R_GAAIS_3_N,I find Artificial Intelligence sinister....,1,3,123,1,124,,3
2026-04-01T21:04:03.957654+00:00,google/gemini-2.5-flash-lite,demo_only,86,R_GAAIS_8_N,Artificial Intelligence might take control of peop...,1,3,125,1,126,,3
2026-04-01T21:04:04.297116+00:00,google/gemini-2.5-flash-lite,demo_only,87,GAAIS_5_P,I am impressed by what Artificial Intelligence can...,1,5,126,1,127,,5
2026-04-01T21:04:04.618318+00:00,google/gemini-2.5-flash-lite,demo_only,87,GAAIS_7_P,Artificial Intelligence can have positive impacts ...,1,4,128,1,129,,4
2026-04-01T21:04:05.131372+00:00,google/gemini-2.5-flash-lite,demo_only,87,GAAIS_17_P,Artificial Intelligence is exciting....,1,5,121,1,122,,5
2026-04-01T21:04:06.717567+00:00,google/gemini-2.5-flash-lite,demo_only,87,R_GAAIS_3_N,I find Artificial Intelligence sinister....,1,2,122,1,123,,2
2026-04-01T21:04:07.082512+00:00,google/gemini-2.5-flash-lite,demo_only,87,R_GAAIS_8_N,Artificial Intelligence might take control of peop...,1,3,124,1,125,,3
2026-04-01T21:04:07.583509+00:00,google/gemini-2.5-flash-lite,demo_only,88,GAAIS_5_P,I am impressed by what Artificial Intelligence can...,1,5,128,1,129,,5
2026-04-01T21:04:07.969064+00:00,google/gemini-2.5-flash-lite,demo_only,88,GAAIS_7_P,Artificial Intelligence can have positive impacts ...,1,4,130,1,131,,4
2026-04-01T21:04:08.385328+00:00,google/gemini-2.5-flash-lite,demo_only,88,GAAIS_17_P,Artificial Intelligence is exciting....,1,4,123,1,124,,4
2026-04-01T21:04:08.818613+00:00,google/gemini-2.5-flash-lite,demo_only,88,R_GAAIS_3_N,I find Artificial Intelligence sinister....,1,3,124,1,125,,3
2026-04-01T21:04:09.232536+00:00,google/gemini-2.5-flash-lite,demo_only,88,R_GAAIS_8_N,Artificial Intelligence might take control of peop...,1,3,126,1,127,,3
2026-04-01T21:04:09.559382+00:00,google/gemini-2.5-flash-lite,demo_only,89,GAAIS_5_P,I am impressed by what Artificial Intelligence can...,1,5,127,1,128,,5
2026-04-01T21:04:09.982025+00:00,google/gemini-2.5-flash-lite,demo_only,89,GAAIS_7_P,Artificial Intelligence can have positive impacts ...,1,4,129,1,130,,4
2026-04-01T21:04:10.428159+00:00,google/gemini-2.5-flash-lite,demo_only,89,GAAIS_17_P,Artificial Intelligence is exciting....,1,4,122,1,123,,4
2026-04-01T21:04:10.796103+00:00,google/gemini-2.5-flash-lite,demo_only,89,R_GAAIS_3_N,I find Artificial Intelligence sinister....,1,3,123,1,124,,3
2026-04-01T21:04:11.209942+00:00,google/gemini-2.5-flash-lite,demo_only,89,R_GAAIS_8_N,Artificial Intelligence might take control of peop...,1,2,125,1,126,,2
2026-04-01T21:04:11.632929+00:00,google/gemini-2.5-flash-lite,demo_only,90,GAAIS_5_P,I am impressed by what Artificial Intelligence can...,1,5,129,1,130,,5
2026-04-01T21:04:12.040589+00:00,google/gemini-2.5-flash-lite,demo_only,90,GAAIS_7_P,Artificial Intelligence can have positive impacts ...,1,4,131,1,132,,4
2026-04-01T21:04:12.417295+00:00,google/gemini-2.5-flash-lite,demo_only,90,GAAIS_17_P,Artificial Intelligence is exciting....,1,5,124,1,125,,5
2026-04-01T21:04:43.958296+00:00,google/gemini-2.5-flash-lite,demo_only,90,R_GAAIS_3_N,I find Artificial Intelligence sinister....,1,3,125,1,126,,3
2026-04-01T21:04:44.315050+00:00,google/gemini-2.5-flash-lite,demo_only,90,R_GAAIS_8_N,Artificial Intelligence might take control of peop...,1,4,127,1,128,,4
2026-04-01T21:04:44.647584+00:00,google/gemini-2.5-flash-lite,demo_only,91,GAAIS_5_P,I am impressed by what Artificial Intelligence can...,1,5,127,1,128,,5
2026-04-01T21:04:44.950106+00:00,google/gemini-2.5-flash-lite,demo_only,91,GAAIS_7_P,Artificial Intelligence can have positive impacts ...,1,4,129,1,130,,4
2026-04-01T21:04:45.326834+00:00,google/gemini-2.5-flash-lite,demo_only,91,GAAIS_17_P,Artificial Intelligence is exciting....,1,5,122,1,123,,5
2026-04-01T21:04:45.721793+00:00,google/gemini-2.5-flash-lite,demo_only,91,R_GAAIS_3_N,I find Artificial Intelligence sinister....,1,3,123,1,124,,3
2026-04-01T21:04:46.073725+00:00,google/gemini-2.5-flash-lite,demo_only,91,R_GAAIS_8_N,Artificial Intelligence might take control of peop...,1,3,125,1,126,,3
2026-04-01T21:04:46.484329+00:00,google/gemini-2.5-flash-lite,demo_only,92,GAAIS_5_P,I am impressed by what Artificial Intelligence can...,1,5,127,1,128,,5
2026-04-01T21:04:46.881342+00:00,google/gemini-2.5-flash-lite,demo_only,92,GAAIS_7_P,Artificial Intelligence can have positive impacts ...,1,4,129,1,130,,4
2026-04-01T21:04:47.225634+00:00,google/gemini-2.5-flash-lite,demo_only,92,GAAIS_17_P,Artificial Intelligence is exciting....,1,5,122,1,123,,5
2026-04-01T21:04:47.571846+00:00,google/gemini-2.5-flash-lite,demo_only,92,R_GAAIS_3_N,I find Artificial Intelligence sinister....,1,3,123,1,124,,3
2026-04-01T21:04:47.935338+00:00,google/gemini-2.5-flash-lite,demo_only,92,R_GAAIS_8_N,Artificial Intelligence might take control of peop...,1,3,125,1,126,,3
2026-04-01T21:04:48.369150+00:00,google/gemini-2.5-flash-lite,demo_only,93,GAAIS_5_P,I am impressed by what Artificial Intelligence can...,1,4,126,1,127,,4
2026-04-01T21:04:48.700873+00:00,google/gemini-2.5-flash-lite,demo_only,93,GAAIS_7_P,Artificial Intelligence can have positive impacts ...,1,4,128,1,129,,4
2026-04-01T21:04:49.553136+00:00,google/gemini-2.5-flash-lite,demo_only,93,GAAIS_17_P,Artificial Intelligence is exciting....,1,5,121,1,122,,5
2026-04-01T21:04:49.917979+00:00,google/gemini-2.5-flash-lite,demo_only,93,R_GAAIS_3_N,I find Artificial Intelligence sinister....,1,2,122,1,123,,2
2026-04-01T21:04:50.255329+00:00,google/gemini-2.5-flash-lite,demo_only,93,R_GAAIS_8_N,Artificial Intelligence might take control of peop...,1,3,124,1,125,,3
2026-04-01T21:04:50.622917+00:00,google/gemini-2.5-flash-lite,demo_only,94,GAAIS_5_P,I am impressed by what Artificial Intelligence can...,1,4,127,1,128,,4
2026-04-01T21:04:50.949736+00:00,google/gemini-2.5-flash-lite,demo_only,94,GAAIS_7_P,Artificial Intelligence can have positive impacts ...,1,4,129,1,130,,4
2026-04-01T21:04:51.339102+00:00,google/gemini-2.5-flash-lite,demo_only,94,GAAIS_17_P,Artificial Intelligence is exciting....,1,4,122,1,123,,4
2026-04-01T21:04:51.696962+00:00,google/gemini-2.5-flash-lite,demo_only,94,R_GAAIS_3_N,I find Artificial Intelligence sinister....,1,3,123,1,124,,3
2026-04-01T21:04:52.101907+00:00,google/gemini-2.5-flash-lite,demo_only,94,R_GAAIS_8_N,Artificial Intelligence might take control of peop...,1,3,125,1,126,,3
2026-04-01T21:04:52.552867+00:00,google/gemini-2.5-flash-lite,demo_only,95,GAAIS_5_P,I am impressed by what Artificial Intelligence can...,1,4,126,1,127,,4
2026-04-01T21:04:53.002022+00:00,google/gemini-2.5-flash-lite,demo_only,95,GAAIS_7_P,Artificial Intelligence can have positive impacts ...,1,4,128,1,129,,4
2026-04-01T21:04:53.500648+00:00,google/gemini-2.5-flash-lite,demo_only,95,GAAIS_17_P,Artificial Intelligence is exciting....,1,5,121,1,122,,5
2026-04-01T21:04:53.948099+00:00,google/gemini-2.5-flash-lite,demo_only,95,R_GAAIS_3_N,I find Artificial Intelligence sinister....,1,3,122,1,123,,3
2026-04-01T21:04:54.267872+00:00,google/gemini-2.5-flash-lite,demo_only,95,R_GAAIS_8_N,Artificial Intelligence might take control of peop...,1,3,124,1,125,,3
2026-04-01T21:04:54.641175+00:00,google/gemini-2.5-flash-lite,demo_only,96,GAAIS_5_P,I am impressed by what Artificial Intelligence can...,1,5,127,1,128,,5
2026-04-01T21:04:55.023388+00:00,google/gemini-2.5-flash-lite,demo_only,96,GAAIS_7_P,Artificial Intelligence can have positive impacts ...,1,4,129,1,130,,4
2026-04-01T21:04:55.429717+00:00,google/gemini-2.5-flash-lite,demo_only,96,GAAIS_17_P,Artificial Intelligence is exciting....,1,4,122,1,123,,4
2026-04-01T21:04:55.748639+00:00,google/gemini-2.5-flash-lite,demo_only,96,R_GAAIS_3_N,I find Artificial Intelligence sinister....,1,3,123,1,124,,3
2026-04-01T21:04:56.152654+00:00,google/gemini-2.5-flash-lite,demo_only,96,R_GAAIS_8_N,Artificial Intelligence might take control of peop...,1,3,125,1,126,,3
2026-04-01T21:04:56.538252+00:00,google/gemini-2.5-flash-lite,demo_only,97,GAAIS_5_P,I am impressed by what Artificial Intelligence can...,1,5,127,1,128,,5
2026-04-01T21:04:56.869365+00:00,google/gemini-2.5-flash-lite,demo_only,97,GAAIS_7_P,Artificial Intelligence can have positive impacts ...,1,4,129,1,130,,4
2026-04-01T21:04:57.307537+00:00,google/gemini-2.5-flash-lite,demo_only,97,GAAIS_17_P,Artificial Intelligence is exciting....,1,4,122,1,123,,4
2026-04-01T21:04:58.021571+00:00,google/gemini-2.5-flash-lite,demo_only,97,R_GAAIS_3_N,I find Artificial Intelligence sinister....,1,3,123,1,124,,3
2026-04-01T21:04:58.471373+00:00,google/gemini-2.5-flash-lite,demo_only,97,R_GAAIS_8_N,Artificial Intelligence might take control of peop...,1,3,125,1,126,,3
2026-04-01T21:04:58.838157+00:00,google/gemini-2.5-flash-lite,demo_only,98,GAAIS_5_P,I am impressed by what Artificial Intelligence can...,1,4,127,1,128,,4
2026-04-01T21:04:59.392509+00:00,google/gemini-2.5-flash-lite,demo_only,98,GAAIS_7_P,Artificial Intelligence can have positive impacts ...,1,4,129,1,130,,4
2026-04-01T21:04:59.760043+00:00,google/gemini-2.5-flash-lite,demo_only,98,GAAIS_17_P,Artificial Intelligence is exciting....,1,5,122,1,123,,5
2026-04-01T21:05:00.150931+00:00,google/gemini-2.5-flash-lite,demo_only,98,R_GAAIS_3_N,I find Artificial Intelligence sinister....,1,3,123,1,124,,3
2026-04-01T21:05:00.533548+00:00,google/gemini-2.5-flash-lite,demo_only,98,R_GAAIS_8_N,Artificial Intelligence might take control of peop...,1,3,125,1,126,,3
2026-04-01T21:05:00.906142+00:00,google/gemini-2.5-flash-lite,demo_only,99,GAAIS_5_P,I am impressed by what Artificial Intelligence can...,1,5,126,1,127,,5
2026-04-01T21:05:01.235855+00:00,google/gemini-2.5-flash-lite,demo_only,99,GAAIS_7_P,Artificial Intelligence can have positive impacts ...,1,4,128,1,129,,4
2026-04-01T21:05:01.590406+00:00,google/gemini-2.5-flash-lite,demo_only,99,GAAIS_17_P,Artificial Intelligence is exciting....,1,5,121,1,122,,5
2026-04-01T21:05:02.182630+00:00,google/gemini-2.5-flash-lite,demo_only,99,R_GAAIS_3_N,I find Artificial Intelligence sinister....,1,2,122,1,123,,2
2026-04-01T21:05:02.597186+00:00,google/gemini-2.5-flash-lite,demo_only,99,R_GAAIS_8_N,Artificial Intelligence might take control of peop...,1,3,124,1,125,,3
2026-04-01T21:05:02.913805+00:00,google/gemini-2.5-flash-lite,demo_only,100,GAAIS_5_P,I am impressed by what Artificial Intelligence can...,1,5,128,1,129,,5
2026-04-01T21:05:03.732987+00:00,google/gemini-2.5-flash-lite,demo_only,100,GAAIS_7_P,Artificial Intelligence can have positive impacts ...,1,4,130,1,131,,4
2026-04-01T21:05:04.069543+00:00,google/gemini-2.5-flash-lite,demo_only,100,GAAIS_17_P,Artificial Intelligence is exciting....,1,4,123,1,124,,4
2026-04-01T21:05:06.687373+00:00,google/gemini-2.5-flash-lite,demo_only,100,R_GAAIS_3_N,I find Artificial Intelligence sinister....,1,3,124,1,125,,3
2026-04-01T21:05:06.998296+00:00,google/gemini-2.5-flash-lite,demo_only,100,R_GAAIS_8_N,Artificial Intelligence might take control of peop...,1,3,126,1,127,,3
